eps,min_samples,n_clusters,silhouette
1.0,1,369,0.12205910739542199
1.0,2,39,-0.49533682087349284
2.689655172413793,1,76,-0.13386346563895068
2.689655172413793,2,39,-0.011839809118974387
4.379310344827586,1,15,-0.5071537666323552
4.379310344827586,2,7,-0.36906659825908633
6.068965517241379,1,2,-0.12458744470724326
